source_id,internal_name,display_name_en,display_name_ar,description_en,description_ar,amount_minor,currency,category_path,category_section_id,image_url,published,is_available,sold_out,properties
6a6f91adb40112c97850ae76,pipe-tabaco-malaysia,Pipe Tabaco - MALAYSIA,Pipe Tabaco - MALAYSIA,,,5000,AED,New V60 Beans,69614b90e5ccb143a4cd02b2,https://media.finedinemenu.com/MawZBMZR_/c23da780-dd28-4f20-b17c-cbf6e430638c.jpeg,true,true,false,new
674cb5ee372f00d7a436e1e8,cream-espresso,Cream Espresso,لاتيه المميز لكوتس,,,3700,AED,Signature,674cb57582fe974dd29f2197,https://media.finedinemenu.com/MawZBMZR_/ae2ec51a-5128-4109-a4d9-418421621d47.jpeg,true,true,false,popular
692dc391fc40d2c769727c93,peach-pear-ice-tea,Peach & Pear Ice Tea,Peach & Pear Ice Tea,,,3000,AED,Fine Tea,674cb463f0cee26ce297a6c9,https://media.finedinemenu.com/MawZBMZR_/e83f3fcf-98eb-47a3-9e05-80097b6127ae.jpeg,true,true,false,new
6a6f955d3eda99a46831d20a,banana-matcha,Banana Matcha,Banana Matcha,,,4100,AED,Matcha,6a6f955c3eda99a46831d193,https://media.finedinemenu.com/MawZBMZR_/b39594f9-7490-467a-aa63-627b18f5c98a.jpeg,true,true,false,
695f997e24249e563de3f00e,spicy-tuna-toast,Spicy Tuna Toast,Spicy Tuna Toast,,,3500,AED,BreakFast & Brunch,67484e8d06a82d1000742a01,,true,true,false,new|signature
674c9fef3d079540e0448282,vegan-lentil-soup,Vegan Lentil Soup,Vegan Lentil Soup,"A hearty lentil soup enriched with a variety of vegetables, seasoned with a blend of Middle Eastern spices for an aromatic finish.","A hearty lentil soup enriched with a variety of vegetables, seasoned with a blend of Middle Eastern spices for an aromatic finish.",2200,AED,Lunch & Dinner / Soup,674c9f73f0cee26ce295c3b5,https://media.finedinemenu.com/MawZBMZR_/9180d318-a349-4998-bb42-65691afeefe3.jpeg,true,true,false,
674ee2ca4b443d00c7f02079,crispy-bbq-chicken-salad,Crispy Bbq Chicken Salad,Crispy Bbq Chicken Salad,"Tender chicken tossed in hickory BBQ sauce, combined with crispy lettuce, mixed beans, lemon juice, and a drizzle of ranch BBQ sauce for a smoky and satisfying salad.","Tender chicken tossed in hickory BBQ sauce, combined with crispy lettuce, mixed beans, lemon juice, and a drizzle of ranch BBQ sauce for a smoky and satisfying salad.",4500,AED,Lunch & Dinner / Salad,674d5a20372f00d7a43b98ef,https://media.finedinemenu.com/MawZBMZR_/4d54b3d9-1551-4e52-8fae-922125f40c3a.jpeg,true,true,false,signature
674d5af2372f00d7a43ba076,cajun-fries,Cajun Fries,Cajun Fries,,,1900,AED,Lunch & Dinner / Appetizer,674ca05e8be796a22d729feb,https://media.finedinemenu.com/MawZBMZR_/0b56a77a-84e5-4629-8fbe-888bca6bae9d.jpeg,true,true,false,
675325fb8932a2b28a631c47,mix-fajita,Mix Fajita,Mix Fajita,,,6800,AED,Lunch & Dinner / For The Table,674ca5848be796a22d732881,https://media.finedinemenu.com/MawZBMZR_/46bd41e7-18ce-4029-90fd-9b53eec8f412.jpeg,true,true,false,
674ca5f81cf886ae40b2d23d,beef-shanks,Beef Shanks,Beef Shanks,,,6500,AED,Lunch & Dinner / Main Quotes,674ca5dd1cf886ae40b2cfa0,https://media.finedinemenu.com/MawZBMZR_/a7fdb601-4de1-4133-8624-0b1808648fd6.jpeg,true,true,false,
674ca3c9d2746aa19cf4d7fb,pasta-35,Pasta 35,Pasta 35,,,5800,AED,Lunch & Dinner / Pasta,674ca3a9f0cee26ce296300a,https://media.finedinemenu.com/MawZBMZR_/3067ca4b-9d15-4832-8a17-a7082257d76d.jpeg,true,true,false,
674ca29da17564e113202b60,camel-burger,Camel Burger,Camel Burger,,,5500,AED,Lunch & Dinner / Sandwiches,674ca28a71e1e924975abe51,https://media.finedinemenu.com/MawZBMZR_/48f7e909-4734-446c-acea-20377e01e007.jpeg,true,true,false,signature
69b1e185361fc7ae43f9b29c,chocolate-pudding,Chocolate Pudding,Chocolate Pudding,,,4000,AED,Dessert,674ca73df0cee26ce2968444,https://media.finedinemenu.com/MawZBMZR_/22489386-3d2c-4dad-991a-3d8c240ef86c.jpeg,true,true,false,new
674cb812d2746aa19cf6b07c,v60,V60,في ٦٠,,,3500,AED,Speciality Coffee / Filtered Coffee,674cb7eb3675fd23e99b8489,https://media.finedinemenu.com/MawZBMZR_/63c2530a-6d74-4539-b70c-dbd796c6ad7d.jpeg,true,true,false,
674cb7ad3d079540e0469d67,single-espresso,Single Espresso,إسبريسو,,,1600,AED,Speciality Coffee / Black Coffee,674cb70752f895a5b6f31b7b,https://media.finedinemenu.com/MawZBMZR_/f6b02f81-a112-4127-9dcf-f7f60c0031a6.jpeg,true,true,false,
6777ecc973c638297b2d4774,affogato,Affogato,Affogato,,,2500,AED,Speciality Coffee / Milk-base Coffee,674cb8d582fe974dd29f637b,https://media.finedinemenu.com/MawZBMZR_/764be522-aca2-4745-a976-66347dd6d780.jpeg,true,true,false,
67607c9774d38005c2c6c2ae,vanilla-frappe,Vanilla Frappe,Vanilla Frappe,,,3500,AED,Speciality Coffee / Frappes,676077d8623402209d07f27c,https://media.finedinemenu.com/MawZBMZR_/7b877f32-00cb-4915-b41e-1e246a902052.jpeg,true,true,false,
674cb41c71e1e924975c546c,frosty-blueberry,Frosty Blueberry,Frosty Blueberry,,,3500,AED,Beverages / Frosty Sips,674cb3f38be796a22d747cde,https://media.finedinemenu.com/MawZBMZR_/97c6c831-7551-469d-b512-381ee2037fee.jpeg,true,true,false,
674caf85f0cee26ce2974351,mango-smothie,Mango Smothie,Mango Smothie,,,3500,AED,Beverages / Smoothie,674caf7052f895a5b6f27bfb,https://media.finedinemenu.com/MawZBMZR_/5928831d-59fc-43c8-a547-95cd5fc823d6.jpeg,true,true,false,
674cb69d10710de2ab45301b,nutella-milkshake,Nutella Milkshake,Nutella Milkshake,,,3600,AED,Beverages / Milkshake,674cb63352f895a5b6f307d2,https://media.finedinemenu.com/MawZBMZR_/fab255c5-8d5f-41b6-9782-c806989393c4.jpeg,true,true,false,
674cb2673675fd23e99b226d,fresh-orange,Fresh orange,Fresh orange,,,2500,AED,Beverages / Fresh Juice,674cb009a17564e113216a7f,https://media.finedinemenu.com/MawZBMZR_/437e86ad-1d79-4a24-a0b1-ff70e29bcbef.jpeg,true,true,false,
674d7f6fed1302e151f0337b,cola,Cola,كولا,,,1200,AED,Beverages / Softdrinks,674d7f3c8104a31225bf1012,,true,true,false,
6a3a919b594d5e08850ca2a8,sweet-tabaco-indonesia,Sweet Tabaco - INDONESIA,Sweet Tabaco - INDONESIA,,,4900,AED,New V60 Beans,69614b90e5ccb143a4cd02b2,https://media.finedinemenu.com/MawZBMZR_/c23da780-dd28-4f20-b17c-cbf6e430638c.jpeg,true,true,false,new
674cb4d1a17564e11321d374,cream-matcha,Cream Matcha,ماتشا فراب,,,4000,AED,Signature,674cb57582fe974dd29f2197,https://media.finedinemenu.com/MawZBMZR_/886aaead-c946-498b-a4ce-c7cee592fc97.jpeg,true,true,false,popular
692ddbdd2846a04a91510a96,rush-hour-berry-ice-tea,Rush Hour Berry Ice Tea,Rush Hour Berry Ice Tea,,,3500,AED,Fine Tea,674cb463f0cee26ce297a6c9,https://media.finedinemenu.com/MawZBMZR_/3e592cbc-57d9-48c5-9659-7cecf7f4081d.jpeg,true,true,false,new
6a6f955c3eda99a46831d1ba,green-matcha,Green Matcha,كلاسيك ماتشا,,,3500,AED,Matcha,6a6f955c3eda99a46831d193,https://media.finedinemenu.com/MawZBMZR_/d408a3de-dc0d-4622-92f7-f50ed0130489.jpeg,true,true,false,
695f99fbf72170a773914f2a,smoked-turkey-egg-toast,Smoked Turkey Egg Toast,Smoked Turkey Egg Toast,,,4000,AED,BreakFast & Brunch,67484e8d06a82d1000742a01,,true,true,false,new|signature
674c9fd8a17564e1131fe659,broccoli-cheese-soup,Broccoli Cheese Soup,Broccoli Cheese Soup,"A comforting soup featuring tender broccoli and a rich cheese blend, enhanced with a mix of fresh vegetables.","A comforting soup featuring tender broccoli and a rich cheese blend, enhanced with a mix of fresh vegetables.",2200,AED,Lunch & Dinner / Soup,674c9f73f0cee26ce295c3b5,https://media.finedinemenu.com/MawZBMZR_/61895721-8aef-450b-a7dd-c4759c4eae44.jpeg,true,true,false,
674ee264bbaeb5316234ffab,quinoa-beans-garden-salad,Quinoa beans Garden Salad,Quinoa beans Garden Salad,"A vibrant mix featuring tri-color quinoa, mango, pomegranate, and avocado, tossed with mixed beans, corn, and drizzled with ranch dressing for a healthy, flavorful salad.","A vibrant mix featuring tri-color quinoa, mango, pomegranate, and avocado, tossed with mixed beans, corn, and drizzled with ranch dressing for a healthy, flavorful salad.",4500,AED,Lunch & Dinner / Salad,674d5a20372f00d7a43b98ef,https://media.finedinemenu.com/MawZBMZR_/27e80033-7b58-4f8b-af8a-fd32cf6d44b8.jpeg,true,true,false,
674ca13c55bbefc1372f28a0,chicken-musakhan,Chicken Musakhan,Chicken Musakhan,,,4500,AED,Lunch & Dinner / Appetizer,674ca05e8be796a22d729feb,https://media.finedinemenu.com/MawZBMZR_/6f97f862-b84d-4b0f-b6c2-930eac10a0ab.jpeg,true,true,false,
674ca59e52f895a5b6f17a27,chicken-quesadilla,Chicken Quesadilla,Chicken Quesadilla,,,4900,AED,Lunch & Dinner / For The Table,674ca5848be796a22d732881,https://media.finedinemenu.com/MawZBMZR_/a7ac682c-107c-42f3-b7ca-44a8c6967562.jpeg,true,true,false,
674ca63d55bbefc1372fb3f0,stuffed-crispy-chicken,Stuffed Crispy Chicken,Stuffed Crispy Chicken,,,5500,AED,Lunch & Dinner / Main Quotes,674ca5dd1cf886ae40b2cfa0,,true,true,false,
674ca30ca17564e11320362e,coleslaw-chicken-wrap,Coleslaw Chicken Wrap,Coleslaw Chicken Wrap,,,4000,AED,Lunch & Dinner / Sandwiches,674ca28a71e1e924975abe51,https://media.finedinemenu.com/MawZBMZR_/aa825e32-1ab2-4e66-963f-246f385e5727.jpeg,true,true,false,
69b1e2092537467a1dd4eee2,choco-berry-cake,Choco Berry Cake,Choco Berry Cake,,,4600,AED,Dessert,674ca73df0cee26ce2968444,https://media.finedinemenu.com/MawZBMZR_/06803d10-2465-49b0-b7c6-4a446175aa21.jpeg,true,true,false,new|special
6777ec5cfd80f761d8e72c34,arabic-coffee,Arabic Coffee,Arabic Coffee,,,2200,AED,Speciality Coffee / Arabic Coffee,6777ebc5034b73500927f87f,,true,true,false,
674cb71882fe974dd29f41cd,americano,Americano,أميريكانو,,,2000,AED,Speciality Coffee / Black Coffee,674cb70752f895a5b6f31b7b,,true,true,false,
674cbc763d079540e046eabc,macchiatto,Macchiatto,Macchiatto,,,2000,AED,Speciality Coffee / Milk-base Coffee,674cb8d582fe974dd29f637b,,true,true,false,
67607d2181b9637308eee4c0,mocha-frappe,Mocha Frappe,Mocha Frappe,,,3700,AED,Speciality Coffee / Frappes,676077d8623402209d07f27c,https://media.finedinemenu.com/MawZBMZR_/0038d261-0d3f-40c5-991c-e4e3fe097d49.jpeg,true,true,false,
674cb3a082fe974dd29efe93,blueberry-mojito,Blueberry Mojito,Blueberry Mojito,,,3000,AED,Beverages / Mocktails,674cb36c71e1e924975c4744,https://media.finedinemenu.com/MawZBMZR_/03827539-456b-4e59-8002-89eb171561a6.jpeg,true,true,false,
674cb431a0dce0a0eed1b444,frosty-strawberry,Frosty Strawberry,Frosty Strawberry,,,3500,AED,Beverages / Frosty Sips,674cb3f38be796a22d747cde,https://media.finedinemenu.com/MawZBMZR_/dfdee89a-fef6-4870-bbe3-e2aa051d63f5.jpeg,true,true,false,
674caff11cf886ae40b3ba7b,avocado-honey-smoothie,Avocado honey Smoothie,Avocado honey Smoothie,,,3900,AED,Beverages / Smoothie,674caf7052f895a5b6f27bfb,https://media.finedinemenu.com/MawZBMZR_/c4371e62-c56f-42b1-af0a-22c744ec9650.jpeg,true,true,false,
674cb66352f895a5b6f30b15,strawberry-milkshake,Strawberry Milkshake,Strawberry Milkshake,,,3500,AED,Beverages / Milkshake,674cb63352f895a5b6f307d2,https://media.finedinemenu.com/MawZBMZR_/f80d0ea2-7f09-47af-9114-d2500bc364b0.jpeg,true,true,false,
674cb29e3d079540e0463b52,fresh-lemon-mint,Fresh lemon Mint,Fresh lemon Mint,,,2500,AED,Beverages / Fresh Juice,674cb009a17564e113216a7f,https://media.finedinemenu.com/MawZBMZR_/d0f857c8-d1d5-44e7-ace2-aeb0324b3212.jpeg,true,true,false,
674d7f91372f00d7a43e099e,cola-diet,Cola Diet,كولا دايت,,,1200,AED,Beverages / Softdrinks,674d7f3c8104a31225bf1012,,true,true,false,
674d7d7971e1e9249763584c,san-peligrino-sparkling-water-250ml,San Peligrino Sparkling Water 250ml,San Peligrino Sparkling Water 250ml,,,1000,AED,Beverages / Water,674d7c8b82fe974dd2a62b58,,true,true,false,
6a6f92480477fbbbdb392e69,berry-bloom-colombia,Berry Bloom - COLOMBIA,Berry Bloom - COLOMBIA,,,4800,AED,New V60 Beans,69614b90e5ccb143a4cd02b2,https://media.finedinemenu.com/MawZBMZR_/c23da780-dd28-4f20-b17c-cbf6e430638c.jpeg,true,true,false,
6a79eb578ba67c87a36492ed,dirty-cereal-espresso,Dirty Cereal Espresso,لاتيه المميز لكوتس,,,3500,AED,Signature,674cb57582fe974dd29f2197,,true,true,false,popular
692ddbf307d652ea346178ae,flame-ice-tea,Flame Ice Tea,Flame Ice Tea,,,3200,AED,Fine Tea,674cb463f0cee26ce297a6c9,https://media.finedinemenu.com/MawZBMZR_/a6e5505e-7e78-495a-ab9a-b3d86b8cd6bc.jpeg,true,true,false,new
6a6f955d3eda99a46831d1f4,blue-matcha,Blue Matcha,بلو ماتشا,,,3600,AED,Matcha,6a6f955c3eda99a46831d193,https://media.finedinemenu.com/MawZBMZR_/64220198-f9da-4ca6-ba96-dcfefb08a43b.jpeg,true,true,false,
695f9a38e7b269a36b554bec,mushroom-egg-toast,Mushroom Egg Toast,Mushroom Egg Toast,,,4200,AED,BreakFast & Brunch,67484e8d06a82d1000742a01,,true,true,false,new|signature
674ca01d55bbefc1372f095f,creamy-mushroom-soup,Creamy Mushroom Soup,Creamy Mushroom Soup,"Our rich and velvety mushroom soup prepared with mushrooms sautéed in Danish butter, mixed with vegetables, broth, and a splash of cream for a comforting finish.","Our rich and velvety mushroom soup prepared with mushrooms sautéed in Danish butter, mixed with vegetables, broth, and a splash of cream for a comforting finish.",2200,AED,Lunch & Dinner / Soup,674c9f73f0cee26ce295c3b5,https://media.finedinemenu.com/MawZBMZR_/fdd7d912-1170-4f82-bcc5-5c1851e3faf3.jpeg,true,true,false,
674ee2a61d0dd89a035f3f39,schnitzel-caesar-salad,Schnitzel Caesar Salad,Schnitzel Caesar Salad,A delightful blend of crispy German-style breaded chicken served atop a classic Caesar salad for a savory twist on a traditional favorite.,A delightful blend of crispy German-style breaded chicken served atop a classic Caesar salad for a savory twist on a traditional favorite.,4200,AED,Lunch & Dinner / Salad,674d5a20372f00d7a43b98ef,https://media.finedinemenu.com/MawZBMZR_/22516584-a9ac-4780-ab92-55a0d828f037.jpeg,true,true,false,
674ca0d28be796a22d72acd3,rock-shrimp,Rock Shrimp,Rock Shrimp,,,4200,AED,Lunch & Dinner / Appetizer,674ca05e8be796a22d729feb,https://media.finedinemenu.com/MawZBMZR_/45d124d1-ca2c-45ad-902b-36a55299f177.jpeg,true,true,false,
6753262e800cddc764e6ac73,shrimp-quesadilla,Shrimp Quesadilla,Shrimp Quesadilla,,,5000,AED,Lunch & Dinner / For The Table,674ca5848be796a22d732881,https://media.finedinemenu.com/MawZBMZR_/00008d60-d103-4a1f-9deb-615df5c6362a.jpeg,true,true,false,
675326580bb79ee86fa092ab,tenderloin-mushroom-cheese,Tenderloin Mushroom Cheese,Tenderloin Mushroom Cheese,,,6000,AED,Lunch & Dinner / Main Quotes,674ca5dd1cf886ae40b2cfa0,https://media.finedinemenu.com/MawZBMZR_/dce9629e-ee68-473b-9135-3c896cca155d.jpeg,true,true,false,
674ca40d372f00d7a4354fd8,grilled-chicken-pink-pasta,Grilled Chicken Pink Pasta,Grilled Chicken Pink Pasta,,,5500,AED,Lunch & Dinner / Pasta,674ca3a9f0cee26ce296300a,https://media.finedinemenu.com/MawZBMZR_/c74f8550-3488-4e12-8d0b-4295a540dcc8.jpeg,true,true,false,
674ca3383675fd23e999b4a8,sweet-quinoa-burger,Sweet Quinoa Burger,Sweet Quinoa Burger,,,3700,AED,Lunch & Dinner / Sandwiches,674ca28a71e1e924975abe51,https://media.finedinemenu.com/MawZBMZR_/f9b71707-6324-4ccc-8abb-9b06fcc85e20.jpeg,true,true,false,
675719fb2035a1ee35256cad,san-sebastian-cheesecake,San Sebastian Cheesecake,San Sebastian Cheesecake,,,4200,AED,Dessert,674ca73df0cee26ce2968444,https://media.finedinemenu.com/MawZBMZR_/50f43287-fcac-419c-8fc5-e75ef5bebb49.jpeg,true,true,false,
674cba7455bbefc137315f1d,aeropress,AeroPress,ايرو بريس,,,3500,AED,Speciality Coffee / Filtered Coffee,674cb7eb3675fd23e99b8489,https://media.finedinemenu.com/MawZBMZR_/1462039e-5dde-4a3e-91d4-a60138d9e7f6.jpeg,true,true,false,
674cbb2c372f00d7a43737d7,piccolo,Piccolo,Piccolo,,,2300,AED,Speciality Coffee / Milk-base Coffee,674cb8d582fe974dd29f637b,,true,true,false,
67607d39d5b1d6833feb2be5,pistachio-frappe,Pistachio Frappe,Pistachio Frappe,,,4000,AED,Speciality Coffee / Frappes,676077d8623402209d07f27c,https://media.finedinemenu.com/MawZBMZR_/1f4eba2e-a739-4713-ac4c-becf6bcf54e4.jpeg,true,true,false,
674cb3b382fe974dd29f0004,strawberry-mojito,Strawberry Mojito,Strawberry Mojito,,,3000,AED,Beverages / Mocktails,674cb36c71e1e924975c4744,https://media.finedinemenu.com/MawZBMZR_/7753ab2d-c402-47de-be7e-fc4877d69634.jpeg,true,true,false,
674cb44c82fe974dd29f0c40,vimto-rose-frosty,Vimto Rose Frosty,Vimto Rose Frosty,,,2700,AED,Beverages / Frosty Sips,674cb3f38be796a22d747cde,https://media.finedinemenu.com/MawZBMZR_/847f7102-ea02-49da-a713-70fc23a43c04.jpeg,true,true,false,
674cafda372f00d7a436673a,acai-smoothie,Acai Smoothie,Acai Smoothie,,,4000,AED,Beverages / Smoothie,674caf7052f895a5b6f27bfb,https://media.finedinemenu.com/MawZBMZR_/d91f9d3c-dd4d-4a33-bb20-22ed41d16663.jpeg,true,true,false,
674cb688a0dce0a0eed1df51,vanilla-milkshake,Vanilla Milkshake,Vanilla Milkshake,,,3500,AED,Beverages / Milkshake,674cb63352f895a5b6f307d2,https://media.finedinemenu.com/MawZBMZR_/27a4f08c-e2b6-49b4-9efb-3df3698d7f77.jpeg,true,true,false,
674cb27e71e1e924975c3512,fresh-lemon-orange,Fresh lemon Orange,Fresh lemon Orange,,,2600,AED,Beverages / Fresh Juice,674cb009a17564e113216a7f,https://media.finedinemenu.com/MawZBMZR_/99fde800-3699-4271-8b04-1fb03c853bec.jpeg,true,true,false,
674d7fa8372f00d7a43e0c3d,sprite,Sprite,Sprite,,,1200,AED,Beverages / Softdrinks,674d7f3c8104a31225bf1012,,true,true,false,
674d80cc372f00d7a43e2bfb,al-ain-still-water-330ml,Al Ain Still Water 330ml,Al Ain Still Water 330ml,,,1000,AED,Beverages / Water,674d7c8b82fe974dd2a62b58,,true,true,false,
69614bda8839882a16f3f755,honey-wine-colombia,Honey-wine - COLOMBIA,Honey-wine - COLOMBIA,,,4600,AED,New V60 Beans,69614b90e5ccb143a4cd02b2,https://media.finedinemenu.com/MawZBMZR_/c23da780-dd28-4f20-b17c-cbf6e430638c.jpeg,true,true,false,
6a79eb5eb12eaaeac1074d0c,dirty-cinnamon-espresso,Dirty Cinnamon Espresso,لاتيه المميز لكوتس,,,3200,AED,Signature,674cb57582fe974dd29f2197,,true,true,false,popular
674cb3dcf0cee26ce2979ca5,hibiscus,Hibiscus,Hibiscus,,,3000,AED,Fine Tea,674cb463f0cee26ce297a6c9,https://media.finedinemenu.com/MawZBMZR_/9053895c-0281-4ffd-b902-303f348cea86.jpeg,true,true,false,
6a6f955c3eda99a46831d1cc,matcha-cloud,Matcha Cloud,ماتشا كلاود,,,3800,AED,Matcha,6a6f955c3eda99a46831d193,https://media.finedinemenu.com/MawZBMZR_/fb0f2713-9ddb-4aa8-acf1-9abde126ac07.jpeg,true,true,false,
695f99c849561787388e8b02,avocado-egg-toast,Avocado Egg Toast,Avocado Egg Toast,,,3900,AED,BreakFast & Brunch,67484e8d06a82d1000742a01,,true,true,false,new|signature
674ee238f5d9910a52f8b8a3,halloumi-salad,Halloumi Salad,Halloumi Salad,,,4500,AED,Lunch & Dinner / Salad,674d5a20372f00d7a43b98ef,https://media.finedinemenu.com/MawZBMZR_/7728ee53-4b09-46de-a1e0-28b4dc19a2a9.jpeg,true,true,false,
674ca12655bbefc1372f2416,fire-bird,Fire Bird,Fire Bird,,,3700,AED,Lunch & Dinner / Appetizer,674ca05e8be796a22d729feb,https://media.finedinemenu.com/MawZBMZR_/c0d709c7-fd8c-4f1d-a138-7023c15d450a.jpeg,true,true,false,
674ca5bad2746aa19cf50963,beef-quesadilla,Beef Quesadilla,Beef Quesadilla,,,5300,AED,Lunch & Dinner / For The Table,674ca5848be796a22d732881,https://media.finedinemenu.com/MawZBMZR_/11c493f4-4f03-4554-ab04-28592101faba.jpeg,true,true,false,
674ca61ca0dce0a0eed077e4,stuffed-crispy-beef,Stuffed Crispy Beef,Stuffed Crispy Beef,,,5500,AED,Lunch & Dinner / Main Quotes,674ca5dd1cf886ae40b2cfa0,https://media.finedinemenu.com/MawZBMZR_/d6e51314-2b33-4640-9659-b941c491fc46.jpeg,true,true,false,
674ca42952f895a5b6f15a76,pasta-alfredo,Pasta Alfredo,Pasta Alfredo,,,5500,AED,Lunch & Dinner / Pasta,674ca3a9f0cee26ce296300a,https://media.finedinemenu.com/MawZBMZR_/fcef6712-8f4a-41e2-8f61-00206cebc607.jpeg,true,true,false,
674ca2c952f895a5b6f139c8,mix-slider,Mix Slider,Mix Slider,,,4500,AED,Lunch & Dinner / Sandwiches,674ca28a71e1e924975abe51,https://media.finedinemenu.com/MawZBMZR_/6adabb53-62c1-42eb-9a45-e293e6fd0473.jpeg,true,true,false,
6914db333569faf4f6ad966e,banana-pudding,Banana Pudding,Banana Pudding,,,4300,AED,Dessert,674ca73df0cee26ce2968444,https://media.finedinemenu.com/MawZBMZR_/6f19b842-c42b-4abe-b6c2-58eb06cb0347.jpeg,true,true,false,
692dc583166ded0fbc45325f,spanish-piccolo,Spanish Piccolo,Spanish Piccolo,,,2500,AED,Speciality Coffee / Milk-base Coffee,674cb8d582fe974dd29f637b,,true,true,false,
674cb38871e1e924975c49dd,pasion-fruit-mojito,Pasion Fruit Mojito,Pasion Fruit Mojito,,,3000,AED,Beverages / Mocktails,674cb36c71e1e924975c4744,https://media.finedinemenu.com/MawZBMZR_/f4830f67-2f50-4ebd-839c-48488534ca9d.jpeg,true,true,false,
674d8e2eed1302e151f14cfa,oreo-milkshake,Oreo Milkshake,Oreo Milkshake,,,3600,AED,Beverages / Milkshake,674cb63352f895a5b6f307d2,https://media.finedinemenu.com/MawZBMZR_/c9fcf7f5-c06b-444d-b533-8ecca8171341.jpeg,true,true,false,
674cb31952f895a5b6f2cc43,fresh-ice-tea-lemonade,Fresh Ice Tea Lemonade,Fresh Ice Tea Lemonade,,,2600,AED,Beverages / Fresh Juice,674cb009a17564e113216a7f,https://media.finedinemenu.com/MawZBMZR_/3163dde3-8935-4900-bfef-b0d5f73bdf85.jpeg,true,true,false,
674d7fc47b5d576a43861c59,fanta-orange,Fanta Orange,Fanta Orange,,,1200,AED,Beverages / Softdrinks,674d7f3c8104a31225bf1012,,true,true,false,
6a6f92943842d505511e3632,coconut-noir-colombia,Coconut Noir - COLOMBIA,Coconut Noir - COLOMBIA,,,4900,AED,New V60 Beans,69614b90e5ccb143a4cd02b2,https://media.finedinemenu.com/MawZBMZR_/c23da780-dd28-4f20-b17c-cbf6e430638c.jpeg,true,true,false,
6914df5ed92b0609d781ae6c,cappuccino-cream,Cappuccino Cream,Cappuccino Cream,,,3000,AED,Signature,674cb57582fe974dd29f2197,https://media.finedinemenu.com/MawZBMZR_/4c6a24e7-ca5a-4d2c-84a0-7322ae456010.jpeg,true,true,false,new|signature
6a6f955d3eda99a46831d1fe,blue-cloud,Blue Cloud,بلو كلاود,,,3900,AED,Matcha,6a6f955c3eda99a46831d193,https://media.finedinemenu.com/MawZBMZR_/758651f8-d2ae-4d1a-aaf7-4817044d218e.jpeg,true,true,false,
67484ea9b7022cddf57d1a46,triple-sandwich,Triple Sandwich,Triple Sandwich,,,4200,AED,BreakFast & Brunch,67484e8d06a82d1000742a01,https://media.finedinemenu.com/MawZBMZR_/b5848d4d-dcc3-494c-b6f8-e78c76b00748.jpeg,true,true,false,
674ee21085dfc8914e89bd9c,lime-corn-salad,Lime Corn Salad,Lime Corn Salad,,,4000,AED,Lunch & Dinner / Salad,674d5a20372f00d7a43b98ef,https://media.finedinemenu.com/MawZBMZR_/91e336e0-cd81-4040-9b17-cf034f1b04aa.jpeg,true,true,false,
674ca10b372f00d7a434fcd2,crispy-fried-chicken,Crispy Fried Chicken,Crispy Fried Chicken,,,4000,AED,Lunch & Dinner / Appetizer,674ca05e8be796a22d729feb,https://media.finedinemenu.com/MawZBMZR_/a0ffc7a3-5a58-4b2f-b167-34a3cbf33918.jpeg,true,true,false,
674ca46055bbefc1372f7c08,roasted-tomato-basil-pasta,Roasted Tomato Basil Pasta,Roasted Tomato Basil Pasta,,,5500,AED,Lunch & Dinner / Pasta,674ca3a9f0cee26ce296300a,https://media.finedinemenu.com/MawZBMZR_/dbb73575-208a-4987-af72-08d6f278547d.jpeg,true,true,false,
674ca3728be796a22d72f349,cheesy-beef-slider,Cheesy Beef Slider,Cheesy Beef Slider,,,4600,AED,Lunch & Dinner / Sandwiches,674ca28a71e1e924975abe51,https://media.finedinemenu.com/MawZBMZR_/1c55d7e0-c540-47e6-9dfc-d9ef19a82a8e.jpeg,true,true,false,
676fb6b9843d0ec9c0a4b243,tira-mis-u-cake,Tira-mis-u Cake,Tira-mis-u Cake,,,4100,AED,Dessert,674ca73df0cee26ce2968444,https://media.finedinemenu.com/MawZBMZR_/76690ace-f7d0-43b0-9fff-0cf57e38cd0f.jpeg,true,true,false,
674cbb21a17564e113224896,cortado,Cortado,Cortado,,,2500,AED,Speciality Coffee / Milk-base Coffee,674cb8d582fe974dd29f637b,,true,true,false,
674cb3cad2746aa19cf65bba,quotes-mojito,Quotes Mojito,Quotes Mojito,,,3200,AED,Beverages / Mocktails,674cb36c71e1e924975c4744,https://media.finedinemenu.com/MawZBMZR_/4aeeaced-e831-429f-88c0-2f92c05eb532.jpeg,true,true,false,
674cb65082fe974dd29f31d0,pistachio-milkshake,Pistachio Milkshake,Pistachio Milkshake,,,4000,AED,Beverages / Milkshake,674cb63352f895a5b6f307d2,https://media.finedinemenu.com/MawZBMZR_/d995559a-b6f2-4297-8f27-5bf524d62e03.jpeg,true,true,false,
6a6f92973842d505511e36a2,minas-gold-brazil,Minas Gold - Brazil,Minas Gold - Brazil,,,3500,AED,New V60 Beans,69614b90e5ccb143a4cd02b2,https://media.finedinemenu.com/MawZBMZR_/c23da780-dd28-4f20-b17c-cbf6e430638c.jpeg,true,true,false,
692dad74eaaba4b5199186d3,spanish-cream,Spanish Cream,Spanish Cream,,,3200,AED,Signature,674cb57582fe974dd29f2197,https://media.finedinemenu.com/MawZBMZR_/3f9e3227-0aba-4e49-a9bb-7af510e059e8.jpeg,true,true,false,new|signature
6777eb18c8f67f30319694b4,camomile-tea,Camomile Tea,Camomile Tea,,,1500,AED,Fine Tea,674cb463f0cee26ce297a6c9,,true,true,false,
674c9a6c1cf886ae40b1a844,haloumi-sandwich,Haloumi Sandwich,Haloumi Sandwich,"Fresh sandwich bread layered with grilled halloumi cheese, crisp lettuce, tomato, and cucumber slices. Enhanced with a mint mayonnaise spread and a drizzle of pesto, topped with roasted tomato garlic for added flavor.","Fresh sandwich bread layered with grilled halloumi cheese, crisp lettuce, tomato, and cucumber slices. Enhanced with a mint mayonnaise spread and a drizzle of pesto, topped with roasted tomato garlic for added flavor.",4000,AED,BreakFast & Brunch,67484e8d06a82d1000742a01,https://media.finedinemenu.com/MawZBMZR_/d56a3a72-c30e-49f9-82c5-0a444c8f7a84.jpeg,true,true,false,
674ee27ed3d46efa0a9a2b60,mango-avocado-salsa,Mango Avocado Salsa,Mango Avocado Salsa,,,2500,AED,Lunch & Dinner / Salad,674d5a20372f00d7a43b98ef,https://media.finedinemenu.com/MawZBMZR_/b2bfce83-63f0-4bd1-b323-0562f378deb4.jpeg,true,true,false,
674ca1563d079540e044a84b,baked-potato,Baked Potato,Baked Potato,,,3000,AED,Lunch & Dinner / Appetizer,674ca05e8be796a22d729feb,https://media.finedinemenu.com/MawZBMZR_/0b38e4d5-70a4-42ce-bb89-91aef70ff80d.jpeg,true,true,false,
674ca47952f895a5b6f16101,chicken-pesto-pasta,Chicken Pesto Pasta,Chicken Pesto Pasta,,,5600,AED,Lunch & Dinner / Pasta,674ca3a9f0cee26ce296300a,https://media.finedinemenu.com/MawZBMZR_/9c967e4a-e4d0-44c5-8376-36c2f208a242.jpeg,true,true,false,
674ca384372f00d7a4354489,chicken-cheetos-slider,Chicken Cheetos Slider,Chicken Cheetos Slider,,,4500,AED,Lunch & Dinner / Sandwiches,674ca28a71e1e924975abe51,https://media.finedinemenu.com/MawZBMZR_/1796352a-b20f-4aa8-8420-a8e674bdb4f9.jpeg,true,true,false,
67744bf6d1b72b30328a3ba7,quoconut-roll,Quoconut Roll,Quoconut Roll,,,3500,AED,Dessert,674ca73df0cee26ce2968444,https://media.finedinemenu.com/MawZBMZR_/b7ac3dce-2a5c-4395-a015-3e1158d571f4.jpeg,true,true,false,signature
6753290a27a33ccd88ace054,spanish-cortado,Spanish Cortado,Spanish Cortado,,,2700,AED,Speciality Coffee / Milk-base Coffee,674cb8d582fe974dd29f637b,,true,true,false,
6a6f937f42e7c6e58f2182dc,palmichal-costa-rica,Palmichal - COSTA RICA,Palmichal - COSTA RICA,,,4000,AED,New V60 Beans,69614b90e5ccb143a4cd02b2,https://media.finedinemenu.com/MawZBMZR_/c23da780-dd28-4f20-b17c-cbf6e430638c.jpeg,true,true,false,
674cb5cd3675fd23e99b61a8,tira-mis-u-latte,Tira-mis-u Latte,لاتيه تيراميسو كوتس,,,3500,AED,Signature,674cb57582fe974dd29f2197,https://media.finedinemenu.com/MawZBMZR_/4218a4dd-cd6d-4035-aba7-18f86690ea74.jpeg,true,true,false,
6777eabf8870bf6d92aadd3d,earl-grey-tea,Earl Grey Tea,Earl Grey Tea,,,1500,AED,Fine Tea,674cb463f0cee26ce297a6c9,,true,true,false,
674c9c5d10710de2ab42be78,falafel-garden,Falafel Garden,Falafel Garden,"Crisp falafel served on a slice of tartine bread, topped with creamy cheese and a rich Tahini Gremolata sauce. Garnished with fresh rocca leaves, mint, basil, parsley, and a sprinkle of radish slices for a fresh bite.","Crisp falafel served on a slice of tartine bread, topped with creamy cheese and a rich Tahini Gremolata sauce. Garnished with fresh rocca leaves, mint, basil, parsley, and a sprinkle of radish slices for a fresh bite.",4000,AED,BreakFast & Brunch,67484e8d06a82d1000742a01,https://media.finedinemenu.com/MawZBMZR_/6f6aee83-7d55-4d5e-a337-4e5fafe6ae85.jpeg,true,true,false,signature
674ca0a7a17564e1131ffb10,chili-cheese-fries,Chili Cheese Fries,Chili Cheese Fries,,,4200,AED,Lunch & Dinner / Appetizer,674ca05e8be796a22d729feb,https://media.finedinemenu.com/MawZBMZR_/bf5d6f95-cd84-4970-b1c8-abb765fad375.jpeg,true,true,false,
67532807a78df48688ebf74c,mad-chicken-burger,Mad Chicken Burger,Mad Chicken Burger,,,4500,AED,Lunch & Dinner / Sandwiches,674ca28a71e1e924975abe51,https://media.finedinemenu.com/MawZBMZR_/3cf144c7-45d3-4317-9b8a-2f2653679c0b.jpeg,true,true,false,
67c865a754c65429c6c4c032,coco-berry-cake,Coco Berry Cake,Coco Berry Cake,,,4500,AED,Dessert,674ca73df0cee26ce2968444,https://media.finedinemenu.com/MawZBMZR_/32e19713-31b9-4d79-857b-e82684ca5342.jpeg,true,true,false,special
674cbb4a55bbefc137316c26,flatwhite,Flatwhite,Flatwhite,,,2700,AED,Speciality Coffee / Milk-base Coffee,674cb8d582fe974dd29f637b,,true,true,false,
6a6f93f8d036771fb12cd341,uraga-bloom-ethiopia,Uraga Bloom - ETHIOPIA,Uraga Bloom - ETHIOPIA,,,3500,AED,New V60 Beans,69614b90e5ccb143a4cd02b2,https://media.finedinemenu.com/MawZBMZR_/c23da780-dd28-4f20-b17c-cbf6e430638c.jpeg,true,true,false,
6777eb2f8870bf6d92aae9bb,jade-green-tea,Jade Green Tea,Jade Green Tea,,,1500,AED,Fine Tea,674cb463f0cee26ce297a6c9,,true,true,false,
674c9acba0dce0a0eecf49e9,avocado-chili,Avocado Chili,Avocado Chili,"Creamy mashed avocado spread on a crisp tartine toast, layered with a spicy mix of labneh infused with red and green chillies and a splash of lemon juice. Topped with chili flakes, roasted sesame, and fresh parsley and dill for added flavor.","Creamy mashed avocado spread on a crisp tartine toast, layered with a spicy mix of labneh infused with red and green chillies and a splash of lemon juice. Topped with chili flakes, roasted sesame, and fresh parsley and dill for added flavor.",4100,AED,BreakFast & Brunch,67484e8d06a82d1000742a01,https://media.finedinemenu.com/MawZBMZR_/0d428fdb-dbba-4373-b88f-3223baa66c57.jpeg,true,true,false,
674ca0ba52f895a5b6f10845,mexican-fries,Mexican Fries,Mexican Fries,,,3700,AED,Lunch & Dinner / Appetizer,674ca05e8be796a22d729feb,https://media.finedinemenu.com/MawZBMZR_/e32aa4d6-d348-4791-b216-5bc09f7a0c23.jpeg,true,true,false,
674cab7b1cf886ae40b359e6,mini-mousse-triple-chocolate,Mini Mousse Triple Chocolate,Mini Mousse Triple Chocolate,,,3800,AED,Dessert,674ca73df0cee26ce2968444,https://media.finedinemenu.com/MawZBMZR_/ec8e042c-056f-4c9b-ae87-3b575733bff3.jpeg,true,true,false,
674cbb3b82fe974dd29f889a,cappuccino,Cappuccino,Cappuccino,,,2700,AED,Speciality Coffee / Milk-base Coffee,674cb8d582fe974dd29f637b,,true,true,false,
6a6f9419f04f47ec6f7a9950,buku-sayisa-ethiopia,Buku Sayisa - ETHIOPIA,Buku Sayisa - ETHIOPIA,,,4100,AED,New V60 Beans,69614b90e5ccb143a4cd02b2,https://media.finedinemenu.com/MawZBMZR_/c23da780-dd28-4f20-b17c-cbf6e430638c.jpeg,true,true,false,
674c9b13372f00d7a4345872,smoked-eggplant-avocado,Smoked Eggplant Avocado,Smoked Eggplant Avocado,"Tartine bread topped with a blend of grilled eggplant and avocado, seasoned with lemon, salt, and pepper. Garnished with bruschetta tomatoes, roasted sesame seeds, micro herbs, and a drizzle of balsamic.","Tartine bread topped with a blend of grilled eggplant and avocado, seasoned with lemon, salt, and pepper. Garnished with bruschetta tomatoes, roasted sesame seeds, micro herbs, and a drizzle of balsamic.",4000,AED,BreakFast & Brunch,67484e8d06a82d1000742a01,https://media.finedinemenu.com/MawZBMZR_/c21b886c-44af-47e1-bf17-6cc36ca18b03.jpeg,true,true,false,
674ca08f372f00d7a434f18b,spinach-artichoke-dip,Spinach Artichoke Dip,Spinach Artichoke Dip,,,3500,AED,Lunch & Dinner / Appetizer,674ca05e8be796a22d729feb,https://media.finedinemenu.com/MawZBMZR_/8c4240a8-8a56-425d-ae9a-fbd6ce60907d.jpeg,true,true,false,
674cab9010710de2ab443fc9,heaven-pie,Heaven Pie,Heaven Pie,,,3800,AED,Dessert,674ca73df0cee26ce2968444,https://media.finedinemenu.com/MawZBMZR_/fe1127c9-e92b-4a6a-b019-41830d020e86.jpeg,true,true,false,
674cbaa98be796a22d74fb3f,cafe-latte,Cafe Latte,Cafe Latte,,,2700,AED,Speciality Coffee / Milk-base Coffee,674cb8d582fe974dd29f637b,,true,true,false,
6a6f94570477fbbbdb3952b9,java-noir-indonesia,Java Noir - INDONESIA,Java Noir - INDONESIA,,,4200,AED,New V60 Beans,69614b90e5ccb143a4cd02b2,https://media.finedinemenu.com/MawZBMZR_/c23da780-dd28-4f20-b17c-cbf6e430638c.jpeg,true,true,false,
674c9cd03675fd23e99914b7,arabic-breakfast,Arabic Breakfast,Arabic Breakfast,"A rich assortment featuring Foul Medames seasoned with traditional spices, complemented by Falafel, Mutabal, sunnyside-up eggs, and Halloumi Carpaccio on sliced tomatoes. Served with fresh Arabic bread and a side of smoked Mutabal.","A rich assortment featuring Foul Medames seasoned with traditional spices, complemented by Falafel, Mutabal, sunnyside-up eggs, and Halloumi Carpaccio on sliced tomatoes. Served with fresh Arabic bread and a side of smoked Mutabal.",4000,AED,BreakFast & Brunch,67484e8d06a82d1000742a01,https://media.finedinemenu.com/MawZBMZR_/17488736-9cde-4f30-a18f-cc90a9b5cff4.jpeg,true,true,false,
674caba2d2746aa19cf5ac6c,malva-pudding,Malva Pudding,Malva Pudding,,,4000,AED,Dessert,674ca73df0cee26ce2968444,https://media.finedinemenu.com/MawZBMZR_/3d68e7ac-a562-4830-9629-ab7d95ff9632.jpeg,true,true,false,
674cbafe372f00d7a437351a,spanish-latte,Spanish latte,Spanish latte,,,2900,AED,Speciality Coffee / Milk-base Coffee,674cb8d582fe974dd29f637b,https://media.finedinemenu.com/MawZBMZR_/ced31e2b-4c5a-458c-8f4d-05e50bfc3093.jpeg,true,true,false,
6a6f947e3842d505511e538c,strawberry-banana-colombia,Strawberry Banana - COLOMBIA,Strawberry Banana - COLOMBIA,,,4600,AED,New V60 Beans,69614b90e5ccb143a4cd02b2,https://media.finedinemenu.com/MawZBMZR_/c23da780-dd28-4f20-b17c-cbf6e430638c.jpeg,true,true,false,
674c9d04d2746aa19cf42b00,english-countryside,English CountrySide,English CountrySide,"A traditional English breakfast with two sausages, three scrambled eggs, and turkey bacon. Includes a mix of fried mushrooms, baked red beans, and two slices of golden-browned French bread.","A traditional English breakfast with two sausages, three scrambled eggs, and turkey bacon. Includes a mix of fried mushrooms, baked red beans, and two slices of golden-browned French bread.",4000,AED,BreakFast & Brunch,67484e8d06a82d1000742a01,https://media.finedinemenu.com/MawZBMZR_/1ba29c66-da22-4b62-b6d3-8004b8b3d56e.jpeg,true,true,false,
674cac1c52f895a5b6f225c3,milk-sesame-toast,Milk Sesame Toast,Milk Sesame Toast,,,4500,AED,Dessert,674ca73df0cee26ce2968444,https://media.finedinemenu.com/MawZBMZR_/d85a4c23-cd25-49d0-abbf-2d4c15551467.jpeg,true,true,false,
674cbc6152f895a5b6f37a67,white-mocha,White Mocha,White Mocha,,,3100,AED,Speciality Coffee / Milk-base Coffee,674cb8d582fe974dd29f637b,https://media.finedinemenu.com/MawZBMZR_/abb25424-549b-4d5f-97dd-e1c2228f8004.jpeg,true,true,false,
69614c25fc356b1925df15aa,mango-bloom-colombia,Mango Bloom - COLOMBIA,Mango Bloom - COLOMBIA,,,4600,AED,New V60 Beans,69614b90e5ccb143a4cd02b2,https://media.finedinemenu.com/MawZBMZR_/c23da780-dd28-4f20-b17c-cbf6e430638c.jpeg,true,true,false,
674c9d3fa0dce0a0eecf942c,turkish-breakfast,Turkish Breakfast,Turkish Breakfast,"Poached eggs on a bed of creamy labneh, enhanced with a unique blend of spices including paprika, cumin, and chili flakes, garnished with sumac, cumin, and dill leaves, served with toasted bread.","Poached eggs on a bed of creamy labneh, enhanced with a unique blend of spices including paprika, cumin, and chili flakes, garnished with sumac, cumin, and dill leaves, served with toasted bread.",4200,AED,BreakFast & Brunch,67484e8d06a82d1000742a01,https://media.finedinemenu.com/MawZBMZR_/78725f7c-7d88-4fa1-9e9a-185beb7e09e5.jpeg,true,true,false,
674cabb5d2746aa19cf5ae0c,brownies,Brownies,Brownies,,,3700,AED,Dessert,674ca73df0cee26ce2968444,https://media.finedinemenu.com/MawZBMZR_/d165fcef-b55a-4aeb-b402-7845a9add333.jpeg,true,true,false,
674cbc23f0cee26ce2982e63,dark-mocha,Dark Mocha,Dark Mocha,,,3300,AED,Speciality Coffee / Milk-base Coffee,674cb8d582fe974dd29f637b,https://media.finedinemenu.com/MawZBMZR_/8bbe67af-520b-44e5-955d-9c1a9d82934c.jpeg,true,true,false,
69614c21fc356b1925df1515,passion-glow-colombia,Passion Glow - COLOMBIA,Passion Glow - COLOMBIA,,,4600,AED,New V60 Beans,69614b90e5ccb143a4cd02b2,https://media.finedinemenu.com/MawZBMZR_/c23da780-dd28-4f20-b17c-cbf6e430638c.jpeg,true,true,false,
674c9d7e55bbefc1372ec730,smoky-eggplant-tzatziki-dip,Smoky Eggplant Tzatziki Dip,Smoky Eggplant Tzatziki Dip,"Smoked eggplant blended with our secret tzatziki sauce, garnished with sumac, white sesame seeds, and pomegranate seeds. Served on toasted bread with a topping of roasted almonds and fresh parsley and mint leaves.","Smoked eggplant blended with our secret tzatziki sauce, garnished with sumac, white sesame seeds, and pomegranate seeds. Served on toasted bread with a topping of roasted almonds and fresh parsley and mint leaves.",0,AED,BreakFast & Brunch,67484e8d06a82d1000742a01,https://media.finedinemenu.com/MawZBMZR_/fa3f9be7-3cc8-496e-aee2-eb8f7b23abd4.jpeg,true,true,false,
674cbba582fe974dd29f8ec6,pistachio-latte,Pistachio Latte,Pistachio Latte,,,3600,AED,Speciality Coffee / Milk-base Coffee,674cb8d582fe974dd29f637b,https://media.finedinemenu.com/MawZBMZR_/f96210d9-1c35-413a-96e2-97a88ca45284.jpeg,true,true,false,
69614c2718f68bd7bd336996,watermelon-glow-colombia,Watermelon Glow - COLOMBIA,Watermelon Glow - COLOMBIA,,,4600,AED,New V60 Beans,69614b90e5ccb143a4cd02b2,https://media.finedinemenu.com/MawZBMZR_/c23da780-dd28-4f20-b17c-cbf6e430638c.jpeg,true,true,false,
674c9ddc1cf886ae40b20925,scramble-egg-mushroom,Scramble Egg Mushroom,Scramble Egg Mushroom,"Scrambled eggs combined with sautéed mushrooms, onions, and garlic, served on toasted bread. Garnished with micro herbs, mixed rocca and radish, and cherry tomatoes.","Scrambled eggs combined with sautéed mushrooms, onions, and garlic, served on toasted bread. Garnished with micro herbs, mixed rocca and radish, and cherry tomatoes.",4000,AED,BreakFast & Brunch,67484e8d06a82d1000742a01,https://media.finedinemenu.com/MawZBMZR_/af514381-ccc0-442e-8d9e-c3ee56bc0600.jpeg,true,true,false,
674c9e0f372f00d7a434ad96,classic-omelette,Classic Omelette,Classic Omelette,"A classic omelette made with three eggs and cooking cream, accompanied by a side salad and a slice of toasted bread.","A classic omelette made with three eggs and cooking cream, accompanied by a side salad and a slice of toasted bread.",3200,AED,BreakFast & Brunch,67484e8d06a82d1000742a01,https://media.finedinemenu.com/MawZBMZR_/94365e14-4d07-4c26-ba8e-c53033c0572b.jpeg,true,true,false,
674c9e5655bbefc1372edeaf,avocado-eggs-benedict,Avocado Eggs Benedict,Avocado Eggs Benedict,"Silky poached eggs served on a plush potato bun, topped with fresh avocado mash and our signature Hollandaise sauce, seasoned with a hint of chili flakes.","Silky poached eggs served on a plush potato bun, topped with fresh avocado mash and our signature Hollandaise sauce, seasoned with a hint of chili flakes.",4000,AED,BreakFast & Brunch,67484e8d06a82d1000742a01,https://media.finedinemenu.com/MawZBMZR_/6f7f6054-b73b-4a87-9272-e06d0a350ba5.jpeg,true,true,false,
674c9e8510710de2ab430047,traditional-shakshouka,Traditional Shakshouka,Traditional Shakshouka,"A rich blend of eggs poached in a spiced tomato sauce, featuring diced tomatoes, white onion, and a hint of chili labneh for a creamy finish. Garnished with fresh cherry tomatoes.","A rich blend of eggs poached in a spiced tomato sauce, featuring diced tomatoes, white onion, and a hint of chili labneh for a creamy finish. Garnished with fresh cherry tomatoes.",4000,AED,BreakFast & Brunch,67484e8d06a82d1000742a01,https://media.finedinemenu.com/MawZBMZR_/6c9eb898-e9da-4eee-80b2-b3d1236dce5d.jpeg,true,true,false,
674c9ef9f0cee26ce295b8f6,acai-bowl,Acai Bowl,وعاء أكي,,,4500,AED,BreakFast & Brunch,67484e8d06a82d1000742a01,https://media.finedinemenu.com/MawZBMZR_/d308c8de-6000-4a96-8465-38570c787a3c.jpeg,true,true,false,
